<?xml version='1.1' encoding='UTF-8'?>
<scriptApproval plugin="script-security@1.44">
  <approvedScriptHashes>
    <string>017d0db438428731cd600b6ebda805065433520f</string>
    <string>1382975a673a5a11573d3f3fb928f8e1cc6d98a6</string>
    <string>1baf644993af3a33b328da3aa236b703e6da3578</string>
    <string>28df0bf9b2093cda54f20408b77ec109504ca5b3</string>
    <string>41dbe5f6e77b2cb5f1b1c39d2cef5aeb356e097d</string>
    <string>5b88e84355c366ab02b944d9553683b30bf3a3b5</string>
    <string>6238c4e6fcc720741d86a8f03d8d69f5a8d06e07</string>
    <string>672dc3c705905f6e921915b574dec5cb0a50ed9e</string>
    <string>972b72b12dffea9805ac4dab972448910e88c279</string>
    <string>a157a475b4819b7b5f7441c178fd4bcc7eb05dd1</string>
    <string>b0dba4fc7051a197bf40680614fbe9786fca27d9</string>
    <string>b3220e80f68e5ec51a5c41c836f6fa0680a5921f</string>
    <string>f8790adec93929d935cbe1ccc572b44ebe6db7ce</string>
  </approvedScriptHashes>
  <approvedSignatures/>
  <aclApprovedSignatures/>
  <approvedClasspathEntries/>
  <pendingScripts/>
  <pendingSignatures>
    <pendingSignature>
      <context/>
      <signature>new java.util.Properties</signature>
      <dangerous>false</dangerous>
    </pendingSignature>
    <pendingSignature>
      <context/>
      <signature>staticMethod org.codehaus.groovy.runtime.DefaultGroovyMethods execute java.util.List</signature>
      <dangerous>true</dangerous>
    </pendingSignature>
  </pendingSignatures>
  <pendingClasspathEntries/>
</scriptApproval>